"Country.Code","NY.GDP.PCAP.CD","NY.GNP.PCAP.CD","SH.IMM.IDPT","SH.IMM.HEPB","SH.IMM.MEAS","SH.TBS.INCD","ST.INT.ARVL","AG.LND.TOTL.K2","TX.VAL.MRCH.WL.CD","TX.VAL.MRCH.HI.ZS","TM.VAL.MRCH.HI.ZS","TG.VAL.TOTL.GD.ZS","NY.GSR.NFCY.CD","SP.POP.0014.TO.ZS","SP.POP.1564.TO.ZS","SP.POP.65UP.TO.ZS","EN.POP.DNST","SP.POP.TOTL","SP.RUR.TOTL.ZS","BG.GSR.NFSV.GD.ZS","SH.TBS.DTEC.ZS","EG.ELC.ACCS.ZS","SP.DYN.LE00.IN","SM.POP.NETM","SH.TBS.CURE.ZS","SH.UHC.SRVS.CV.XD","SH.DTH.COMM.ZS","SH.XPD.CHEX.PC.CD","SH.XPD.GHED.PC.CD","SH.XPD.PVTD.PC.CD","SM.POP.TOTL.ZS"
"AFG",520.8966027,550,66,66,64,189,2700,652860,875181037,4.120524152,11.42644208,42.77236487,122140013.6,43.09017551,54.32489755,2.58492694,56.93776001,37172386,74.505,10.97609813,69,97.7,64.13,-314602,91,37,36.4,57.24876048,2.93575239,44.31111664,1.175546927
"ALB",5268.848504,4860,99,99,94,18,5340000,27400,3099404234,77.61730576,64.4000764,58.38105927,-17188917.97,17.67287372,68.58239036,13.74473591,104.6122628,2866376,39.681,39.26731008,87,100,78.333,-69998,87,59,2.9,271.5430426,112.301534,157.4431038,1.98903641
"DZA",4114.715061,3920,91,91,80,69,2657000,2381740,41168251685,73.17380197,37.63034514,50.57897988,-2591930619,30.14867859,63.48882487,6.362496545,17.73007507,42228429,27.371,8.554381156,80,100,76.499,-50002,91,78,14.8,260.4125793,176.2653157,84.08603227,0.611072023
"AND",42029.76274,280,99,98,99,3,3042000,470,8610694,1.50321261,0.501550931,49.35961116,-67488588851,12.27828264,47.42066751,1.085000985,163.8425532,77006,11.938,3.971727974,87,100,52.24,-3266243,100,25,1.3,3834.730581,1883.995436,1950.735145,59.7136492
"AGO",3432.385736,3370,59,59,50,355,218000,1246700,40526580490,22.52635042,52.08702267,54.43542542,-3737778762,46.80892471,50.97470164,2.216373648,24.71305206,30809762,34.486,10.13761953,61,41.88623047,60.379,32066,25,40,63.4,95.22079857,42.02879929,49.72439697,0.42700468
"ATG",16726.98081,15890,95,95,96,6,269000,440,195254929,65.25314862,80.01365517,36.5087213,-82615481.48,22.08109175,69.11908273,8.79982552,218.8318182,96286,75.401,100.8917133,87,100,76.752,0,100,73,11.9,623.1146259,377.3169971,245.6988699,30.58550611
"ARG",11683.94962,12390,86,86,94,27,6942000,2736690,61665676000,39.19632536,38.1922236,24.44123118,-18629437622,24.76093384,64.12127729,11.11778888,16.2585101,44494502,8.13,7.447108033,87,100,76.372,24000,57,76,15.9,955.2009489,710.9350108,238.8796786,4.805292335
"ARM",4212.070943,4230,92,92,95,31,1652000,28470,2412432662,38.32849259,34.64933833,59.31751518,161161153.6,20.63342192,68.11276042,11.25381766,103.6802248,2951776,36.851,34.56626875,80,100,74.797,-24989,79,69,2.8,358.841748,59.03871069,293.7054364,6.335892888
"ABW",25630.26649,23630,25,25,30,5.4,1082000,180,69472660,62.51114899,85.48346736,56.97727163,-170558659.2,17.80244697,68.64660589,13.55094714,588.0277778,105845,56.589,110.6924012,87,100,76.01,1004,93,25,1.3,16.36043526,2.43144068,1.64154032,34.76210186
"AUS",57373.68668,53230,95,95,95,6.6,9246000,7692020,2.54692e+11,47.4017486,52.72764952,34.35173347,-44777149058,19.19061704,65.15290773,15.65647523,3.249129487,24992369,13.988,9.948411804,87,100,82.49756098,791229,82,87,4.6,5002.358277,3416.982309,1585.375938,28.21840969
"AUT",51461.95478,49310,85,85,94,7.1,30816000,82522.99805,1.84815e+11,86.12361244,85.45982878,83.03465318,-1249547958,14.29794763,66.70048591,19.00156646,107.2069267,8847037,41.703,30.13426419,74,100,81.64146341,324998,69,79,2.6,4688.280204,3399.489142,1288.791061,17.46572625
"AZE",4721.178087,4050,95,95,96,63,2633000,82670,19458632500,69.64829363,38.26600036,69.23801838,-2459589118,23.36956986,70.43524739,6.195182751,120.2653199,9942334,44.32,24.37915792,80,100,72.693,6002,84,65,8.8,268.1558652,53.53440392,213.6139089,2.709061584
"BHS",32217.87159,30520,90,90,89,14,1633000,10010,2065413228,39.17604521,89.66968358,33.72369109,-682252800,22.48487567,70.25752197,7.257602357,38.52547453,385640,16.975,44.70797724,87,100,73.554,4999,71,75,16.9,1835.228202,915.058073,912.5020448,15.28430309
"BHR",24050.75751,21890,99,99,99,11,12045000,778.0000305,7415076488,70.81475829,65.24609567,87.3597946,-2.076e+09,19.25431012,78.319356,2.426333878,2017.2737,1569439,10.713,53.33142623,87,100,77.032,239000,68,77,6.9,1099.362291,674.6148282,424.7474626,51.12678501
"BGD",1698.262802,1750,98,98,97,221,1026000,130170,33775434148,71.59155895,32.9815329,36.76745373,12496322759,27.70602248,67.13558688,5.15839064,1239.579312,161356039,63.368,5.622517484,75,88,72.052,-1847503,94,48,25.6,34.21796766,6.14438538,25.4643363,0.883753735
"BRB",17949.28151,15410,95,95,85,0.4,680000,430,457728581,48.10542539,81.48446737,39.45578231,-629272100,17.34294815,66.85435789,15.80269396,666.6069767,286641,68.853,45.65392443,87,100,78.981,-397,100,77,13,1163.844561,534.0517885,610.3353923,12.12990166
"BLR",6289.938553,5670,97,98,97,31,11501600,202988.0078,33906946200,32.02292809,21.98037936,120.8581704,-2263721486,16.86594305,68.28890878,14.84514817,46.7287999,9485386,21.405,23.82099505,80,100,74.12926829,43648,89,76,2.5,317.9941906,195.3959526,121.909734,11.40401056
"BEL",47518.63604,45910,98,97,96,9,9119000,30280,4.66559e+11,85.07094468,82.12213168,168.9214672,3486481960,17.05542276,64.1558335,18.78874374,377.2149273,11422068,1.999,45.5190813,88,100,81.43902439,240000,79,84,7.9,4149.385322,3489.871404,659.5138849,12.28353319
"BLZ",4884.742421,4470,96,96,97,30,489000,22810,198847128,86.32070613,59.62109376,73.48213312,-180943056.5,30.27976537,64.98377585,4.736458777,16.79399386,383071,54.276,45.81751286,87,98.26512146,74.365,6000,71,64,19.4,303.6048377,201.3714598,90.7370187,14.99080123
"BEN",901.5438712,870,76,76,71,56,295000,112760,954151944,13.34011012,30.02692665,58.49757915,-81916080.13,42.44768239,54.29871231,3.253605297,101.8539198,11485048,52.688,9.877033668,62,43.07774734,61.174,-10000,87,40,54.1,30.40151289,6.24369641,14.89509483,2.255540965
"BMU",85748.06541,106140,25,25,30,3.7,282000,54.00000095,150684480,14.10774554,93.95986696,18.3719641,1512952000,12.27828264,47.42066751,1.085000985,1184.592572,63968,0,40.79512712,87,100,81.44195122,-3266243,100,25,1.3,16.36043526,2.43144068,1.64154032,30.84639701
"BTN",3243.231125,2970,97,97,97,149,274000,38143.99902,568829544,4.918585066,6.947438701,67.02976907,-220188479.2,25.77135373,68.22563455,6.003011713,19.77752777,754394,59.105,17.27750128,80,97.7,71.129,1600,93,62,20.9,91.33533448,67.54524033,19.44152601,6.595769395
"BOL",3548.59014,3370,83,83,89,108,1142000,1083300,9064738064,38.19831793,33.19982295,46.90519564,-1015654834,31.07354775,61.73450486,7.191947392,10.48014585,11353142,30.575,11.71927006,62,91.8,70.945,-47520,83,68,22.4,213.0173253,139.9493316,66.16919515,1.333267442
"BIH",6065.672708,5740,73,80,68,25,1053000,51200,7181886575,74.5143273,64.6243781,96.71724116,-58250452.63,14.76621765,68.76346488,16.47031747,64.92048828,3323929,51.755,14.4984861,80,100,77.128,-107926,45,61,1.8,443.7837805,314.140536,128.6136631,0.91336484
"BWA",8258.641666,7750,95,95,97,275,1623000,566730,6374895531,68.34257073,17.58871771,63.73005991,-616437328.4,34.11294602,61.66317964,4.223874346,3.977424876,2254126,30.554,11.85722972,59,62.82494736,68.812,14999,78,61,46,379.9230078,212.4995772,142.0264054,7.100334367
"BRA",8920.762105,9140,83,83,84,45,6621000,8358140,2.42363e+11,45.14171292,52.0318961,22.92588136,-28426843286,21.33407191,69.74309026,8.922837832,25.06171624,209469333,13.431,5.705432698,87,100,75.456,106000,71,79,13.9,1015.934448,337.533552,677.5361405,0.3433132
"VGB",271.7520444,280,25,25,30,3.9,192000,150,8610694,1.50321261,0.501550931,12.76706358,-67488588851,12.27828264,47.42066751,1.085000985,198.68,29802,52.277,3.971727974,87,100,52.24,-3266243,100,25,1.3,16.36043526,2.43144068,1.64154032,57.46920344
"BRN",31628.32879,29660,99,99,99,68,278000,5270,6572137803,68.95945298,39.29426006,78.57097426,211283267.8,23.02646149,72.10039094,4.873147568,81.39696395,428962,22.371,15.81601906,87,100,75.585,0,75,81,7.8,630.6293586,598.6464062,31.98295245,24.27597191
"BGR",9272.629304,8860,92,85,93,22,9273000,108560,33141121226,65.19525647,60.70182616,109.0876412,1005536874,14.59546532,64.38262025,21.02191443,64.70353721,7024216,24.992,26.55929096,82,100,74.81219512,-24001,84,66,2.2,612.4785856,309.6886621,302.7899244,1.428196392
"BFA",715.122904,670,91,91,88,48,144000,273600,3204493737,70.3383469,41.4336168,53.65041187,-95090966.13,44.94808132,52.64493785,2.406980829,72.19128289,19751535,70.642,15.00419576,63,25.47374344,60.768,-125000,80,40,56.3,40.94095568,16.41631937,14.92371804,3.892039853
"BDI",271.7520444,280,90,90,88,111,299000,25680,169279447,59.65251174,49.46357017,32.0059869,5109541.865,45.50168075,52.25137879,2.24694046,435.178271,11175378,86.968,11.00116457,58,9.3,60.898,10003,93,42,55.8,18.46188216,5.37748774,5.95536556,2.565632229
"CPV",3635.40685,3420,98,99,99,46,710000,4030,78454046,94.31243737,80.612814,45.12310593,-46628755.34,28.77776695,66.6129059,4.609327157,134.9297767,543767,34.268,55.06379472,80,92.91363525,72.57,-6709,91,69,19.5,159.07351,90.32774422,44.78303181,2.867232018
"KHM",1510.324871,1390,92,92,84,302,6201000,176520,12211136142,83.05872097,33.4781051,136.1720905,-1654585799,31.20141476,64.22990522,4.568680018,92.05641287,16249798,76.612,34.61585482,58,89.07,69.289,-149999,94,60,25.6,77.67368199,16.93820917,46.01642021,0.474794451
"CMR",1533.74214,1440,79,79,71,186,1081000,472710,3922232339,51.81875418,46.8413844,24.99792807,-818760889.1,42.63157984,54.6395428,2.728877355,53.34398891,25216237,43.626,12.46746166,50,61.40187454,58.511,-24000,84,46,53.9,64.46729416,8.59672659,49.85414604,1.636313704
"CAN",46232.98962,44940,91,71,90,5.6,21134000,9093510,4.47671e+11,89.5982173,72.03267405,53.62882357,-22155520039,15.87025087,66.89774245,17.23200668,4.075308214,37058856,18.589,12.00966107,87,100,82.24897561,1210159,80,89,5.6,4458.214999,3274.288851,1183.926149,21.80166365
"CYM",81124.51348,47140,25,25,30,5.4,463000,240,8610694,1.50321261,0.501550931,21.08197227,-2057752590,12.27828264,47.42066751,1.085000985,267.3916667,64174,0,89.05235966,87,100,52.24,-3266243,100,25,1.3,16.36043526,2.43144068,1.64154032,39.56509414
"CAF",475.7212505,490,47,47,49,540,107000,622980,380909878,53.86487798,63.90185495,26.89316748,105324804.6,44.29432055,52.87990574,2.825773707,7.490412212,4666377,58.636,3.971727974,43,29.9820385,52.24,-2e+05,78,33,63.7,16.36043526,2.43144068,7.23033556,1.665172192
"TCD",728.3432354,670,41,41,37,142,87000,1259200,1650483456,61.56727178,43.35543904,43.46624598,-130562970.3,47.12629999,50.39318107,2.480518944,12.29173364,15477751,76.941,3.971727974,59,10.87641621,53.712,10000,79,28,63.4,31.68594246,5.97882214,21.08642707,3.682771371
"CHL",15923.35874,14670,95,95,93,18,5723000,743532.0313,75451827201,45.77807404,43.78617837,50.18624254,-12235480215,19.75390247,68.71629587,11.52980166,25.18944607,18729160,12.436,8.229360038,87,100,79.909,558539,78,70,8.1,1190.548545,696.1040916,494.4105045,2.615513217
"CHN",9770.847088,9460,99,99,99,61,62900000,9388210,2.50133e+12,69.59481226,63.64130175,33.97191658,-51298699629,17.87700275,71.20211371,10.92088354,148.3488333,1392730000,40.848,5.580351061,92,100,76.47,-1741996,93,79,3.8,398.3315557,231.0931026,167.2320192,0.071076396
"COL",6667.7907,6180,92,92,95,33,3904000,1109500,41819392864,61.5776644,50.72710327,28.11201694,-11771561871,23.07789598,68.444057,8.47804702,44.74870212,49648685,19.222,6.920668702,80,99.59523773,76.925,1023981,73,76,10.1,340.3654688,215.8524725,123.7450748,0.276047227
"COM",1415.263622,1380,91,91,90,35,35900,1861.000061,21461424,68.93903219,54.60375549,29.96718766,6816408.518,39.53842383,57.45456686,3.007009306,447.2444775,832322,71.035,18.19108824,45,79.93128967,63.912,-10000,89,52,47.4,59.00043787,8.58791988,44.06291366,1.592316297
"COD",561.7771824,490,81,81,80,321,351000,2267050,15966849821,19.89736261,24.1679361,29.64372355,-1677818253,46.16564209,50.81651729,3.017840622,37.08259236,84068091,55.54,6.175496155,63,19.09363174,60.026,119303,90,41,61.7,20.5175231,2.51409612,9.10015834,0.706246281
"COG",2147.769461,1640,75,75,75,375,156000,341500,10401604921,22.29550018,36.73128273,119.8897409,-1195788155,41.76350246,55.554778,2.681719539,15.35684627,5244363,33.084,27.17761932,54,66.21485138,63.954,-20000,66,39,55.5,70.37796786,29.75268907,38.31222457,8.505799369
"CRI",12027.36588,11520,94,98,94,10,3017000,51060,11333870320,73.66745174,61.34316285,45.5013333,-3315150830,21.32474411,69.12540822,9.549847673,97.91306306,4999441,20.66,21.4912217,80,99.6,79.914,21000,92,77,6.4,888.8537005,664.4844497,221.4433146,8.771009911
"CIV",1715.531332,1600,82,82,71,142,1965000,318000,11803529252,51.87105869,42.13583408,51.69152761,-1914640848,41.93697214,55.20408485,2.858943015,78.83405346,25069229,49.221,11.30907271,59,65.63575745,57.017,-40000,83,47,52.4,67.57069603,17.41430403,40.01762649,9.582598655
"HRV",14909.69319,14000,93,93,93,8.4,16645000,55960,17401848991,73.72437568,79.6175255,74.57886283,-890162191.4,14.51194001,65.04262698,20.44543301,73.077198,4089400,43.053,36.44961308,100,100,77.82682927,-40004,66,71,2.3,884.4911137,692.0838371,192.4072767,13.60471399
"CUB",8821.818891,7480,99,99,99,7.2,4684000,104020,1242761878,44.22939138,47.67839556,12.76706358,-1.284e+09,16.21123899,68.60254959,15.18621142,108.9995962,11338138,22.963,3.971727974,87,100,78.662,-72000,82,83,8.4,970.6461639,869.7039027,100.05244,0.117089665
"CUW",19567.89244,19070,25,25,30,6.4,432000,444,349212900,56.52613348,85.4326063,78.32711097,21787709.5,18.88394613,64.43115906,16.68489481,360.7545045,159849,10.855,79.22549284,87,100,78.01707317,2573,50,25,1.3,16.36043526,2.43144068,1.64154032,23.92511593
"CYP",28159.3017,26300,99,97,90,5.4,3939000,9240,5051556396,43.1296422,76.12306295,62.81951415,885442843.6,16.78784796,69.49309027,13.71906177,128.7083333,1189265,33.19,88.82907796,79,100,80.672,25000,67,78,4.1,1634.430922,689.7529479,925.6345869,16.83403415
"CZE",23078.57349,20240,96,94,96,5.4,10611000,77220,2.02238e+11,89.06727753,81.53193086,157.40345,-13659601394,15.58660552,64.99251759,19.42087689,137.6028879,10625695,26.208,22.52772172,75,100,79.47560976,110057,69,76,5.4,1321.620203,1082.120393,239.4998091,3.84222568
"DNK",61350.34791,60140,97,25,95,5.4,12749000,41990,1.09711e+11,85.80464667,84.38263764,59.37521743,8366300767,16.45826256,63.7287848,19.81295264,138.0673017,5797446,12.126,42.01787332,87,100,81.00487805,75998,39,81,6.5,5565.593425,4681.911653,883.6817721,10.09899135
"DJI",3082.543099,3190,84,84,86,260,63000,23180,221691689,28.07903187,63.17968076,32.88324974,100903454.9,29.57411596,65.89830466,4.527579378,41.36842105,958920,22.223,22.85736162,80,60.2,65.893,4501,85,47,45.2,70.19033417,32.125314,18.53108744,12.65412041
"DMA",7691.345097,7090,94,94,84,6.4,63000,750,131439801,38.8949189,87.58813403,52.46031693,-42670777.78,12.27828264,47.42066751,1.085000985,95.5,71625,29.517,55.74280228,87,100,52.24,-3266243,100,25,1.3,419.3659141,269.469386,127.2717449,9.246009906
"DOM",8050.631602,7760,94,92,95,45,6569000,48310,10140474957,72.30864839,65.5501782,36.37994036,-3.845e+09,27.9771295,64.94005302,7.082817476,219.9785759,10627165,18.926,14.8238468,80,100,73.689,-150000,74,74,15.8,414.17658,189.3820608,222.2368168,3.947079853
"ECU",6344.871979,6110,85,85,83,44,2535000,248360,21606133837,62.48179735,55.85132503,41.32823118,-2923277442,28.028592,64.81411827,7.157289727,68.78868175,17084357,36.179,5.352246597,80,100,76.584,182000,74,77,15.1,504.782482,258.4050616,244.525814,2.400299101
"EGY",2549.132252,2800,95,95,94,12,11196000,995450,29048077470,66.0179182,57.54538905,39.70748527,-6.28e+09,33.79872071,60.97149994,5.229779346,98.87346929,98423595,57.296,16.8462715,68,100,71.656,-190164,86,68,10.2,130.9858695,38.37808087,91.26733775,0.537267287
"SLV",4058.252439,3820,81,81,81,70,1677300,20720,5852623482,51.0302395,48.63645994,68.0623249,-1.472e+09,27.13208091,64.58082908,8.287090005,309.8814672,6420744,27.977,18.40256374,80,99.49038696,72.872,-202694,90,76,10.8,293.8725567,189.4488049,97.78602163,0.686271613
"GNQ",10261.76001,6840,25,25,30,201,2700,28050,6154720970,49.48352445,65.44405812,61.12097635,-3121749983,37.11659887,60.42552379,2.457877347,46.66573975,1308974,27.857,3.971727974,50,67.18409729,58.061,79998,75,45,53.4,281.3745309,66.16160298,211.7601941,1.280974132
"ERI",811.3760286,720,95,95,99,89,142000,101000,552378088,11.46088094,63.79021045,52.91938943,-23546465.04,40.18077942,55.73536422,4.083856362,31.82150495,3213972,64.229,3.971727974,61,48.42378998,65.538,-199290,92,38,42.9,29.8912246,8.73386654,17.65345415,0.071076396
"EST",23266.34627,21140,92,93,87,13,3234000,43470,17019214764,84.293113,80.23528311,117.5902318,-526032630.8,16.35707375,64.01656941,19.62635685,30.38610536,1320884,31.12,43.39111344,87,100,77.64146341,19555,80,75,2.8,1185.333348,893.894479,288.7649946,15.41630922
"SWZ",4145.974112,3930,90,90,89,329,782000,17200,2128137216,3.981637761,9.429457571,76.82642994,-81264725.73,38.11249154,57.87292052,4.014587941,66.05761628,1136191,76.201,7.013259843,80,73.52627563,58.319,-41764,86,63,53.7,220.5867326,152.8768821,37.28050115,2.453747951
"ETH",772.3135303,790,72,72,61,151,849000,1e+06,3885264159,47.24751201,42.96626847,21.33586743,-549601274.7,40.78298191,55.7158851,3.501132998,109.224559,109224559,79.237,13.18520806,69,44.3,65.872,150002,96,39,49,27.52365701,7.60112056,15.70619987,1.079526012
"FRO",55822.91472,280,25,25,30,0,2700,1396.000061,1571538924,60.68000591,84.56318225,80.73035267,69665125.82,12.27828264,47.42066751,1.085000985,34.73996983,48497,57.936,24.12914197,24,100,82.4,-3266243,0,25,1.3,16.36043526,2.43144068,1.64154032,11.44629557
"FJI",6266.967965,5860,99,99,94,54,870000,18270,861499593,63.54064894,70.87221032,67.36792329,-375718501.5,29.5126222,65.03769739,5.449680413,48.35703339,883483,43.752,43.169864,80,96,67.252,-31008,81,64,10.1,179.91157,114.9676021,59.38787325,1.541341374
"FIN",50152.34014,48280,91,25,96,4.7,3224000,303910,75869032751,77.845484,78.15251436,55.84782007,911251675.3,16.14518297,62.13402948,21.72078755,18.15685565,5518050,14.618,24.72404639,88,100,81.42926829,70000,36,78,1.3,4117.257782,3185.112983,932.0853021,5.739683257
"FRA",41463.64402,41080,96,90,90,8.9,89322000,547556.9922,5.81774e+11,79.91551678,81.41469019,45.16266733,62536416787,17.95646444,62.00891081,20.03462475,122.3383957,66987244,19.556,20.18005394,83,100,82.52439024,182636,24,78,6,4263.361561,3534.149827,729.2042407,12.08847938
"PYF",271.7520444,280,25,25,30,22,216300,3660,149882819,94.62625399,82.1482314,12.76706358,-67488588851,22.76189413,68.94759777,8.290508105,75.86857923,277679,38.166,3.971727974,87,100,77.251,-5000,81,25,1.3,16.36043526,2.43144068,1.64154032,10.63006606
"GAB",7952.525893,6830,70,70,59,525,2700,257670,5506411079,51.04752794,65.24477292,56.02960785,-941427733.6,37.0258697,59.41022284,3.563907468,8.224764233,2119275,10.63,14.99057736,51,92.19120026,65.839,16301,25,49,49.9,220.3547089,142.3211442,76.15105087,15.55585953
"GMB",716.118489,710,93,93,91,174,552000,10120,13622961,32.1716549,23.37487548,43.2379942,-29199514.86,44.26874506,53.141274,2.589980939,225.3065217,2280102,38.73,18.23507116,60,56.2,61.44,-15436,81,44,54.8,20.93043715,3.88610619,7.8690768,9.670886483
"GEO",4717.143026,4440,93,93,98,80,4757000,69490,3355712189,23.29527406,35.54245932,70.87068474,-737019617.8,19.7952406,65.33926797,14.86549143,65.27520207,3731000,41.368,38.27590298,73,100,73.414,-50000,84,66,2.7,308.0316512,112.5910845,188.4770449,4.220248352
"DEU",47603.02763,47090,93,87,97,7.3,38881000,349360,1.56054e+12,79.2030782,78.78564496,72.10569616,1.1041e+11,13.6210301,64.9170079,21.461962,237.3709698,82927922,22.688,17.97929714,87,100,80.9902439,2719112,71,83,4.8,4714.260873,3991.603439,722.6574342,14.8790513
"GHA",2202.312164,2130,97,97,92,148,897000,227540,17104216505,41.37001752,48.91068669,42.14382274,-1566398865,37.59606159,59.33504041,3.068898007,130.8214292,29767108,43.94,26.93536476,32,79,63.463,-50000,85,47,47.5,67.50885898,25.89339585,32.98038336,1.457397152
"GRC",20324.25356,19770,99,96,97,4.5,30123000,128900,39477911679,60.70016149,54.41575178,47.98152316,395119696.8,14.07124487,64.27348306,21.65527208,83.22473235,10727668,20.942,29.68447661,86,100,81.38780488,-80000,0,75,10.9,1510.666713,917.6352402,589.1891876,11.34237737
"GRL",48181.87419,280,25,25,30,100,2700,410450,665122839,95.67549341,95.85248805,48.35349188,-67488588851,12.27828264,47.42066751,1.085000985,0.136496528,56025,13.184,3.971727974,87,100,71.24634146,-3266243,77,25,1.3,16.36043526,2.43144068,1.64154032,10.69483501
"GRD",10640.49676,9650,96,96,84,2.1,185000,340,57126359,55.09845289,70.75807249,41.48657089,-111204111.1,23.56128986,66.81680334,9.621906796,327.8058824,111454,63.728,71.68080188,87,94.69567108,72.388,-1000,67,72,11.9,516.4170466,213.4940781,298.3681603,6.606131524
"GTM",4549.010081,4400,86,86,87,26,1781000,107160,10772733889,56.30582219,56.15120594,39.19554478,-1377753165,34.43539539,60.7525321,4.812072508,160.9537794,17247807,48.946,8.174182241,80,93.28809357,73.81,-46073,87,55,25.1,241.3522846,89.81812607,149.2884361,0.467187672
"GIN",878.5996133,850,45,45,48,176,99000,245720,5336682898,15.1944418,50.77818351,72.19991542,-181849981.9,43.85017334,53.22380421,2.926022448,50.52221227,12414318,63.86,8.297718533,65,35.44121552,60.706,-20000,88,37,55.7,37.45933893,4.60695282,22.65106949,1.811566559
"GNB",777.9699218,750,88,88,86,361,45200,28120,157278785,4.596770632,64.33516018,46.22276272,-2054325.202,42.33915221,54.83713146,2.823716336,66.65394737,1874309,56.64,14.17377231,30,26.04734802,57.673,-6996,64,40,62.1,39.05417469,17.28201058,13.82537398,1.210903718
"GUY",4979.002188,4770,95,95,98,83,287000,196850,1451259321,82.10296318,75.27134417,81.8581122,-98965365.33,28.2145452,65.33518355,6.450271243,3.957348235,779004,73.394,31.36837929,80,90.86487579,69.624,-30001,71,72,20,192.2736761,113.3169584,67.5923224,2.005514382
"HTI",868.3420247,800,64,64,69,176,447000,27560,1189700694,90.18615038,29.259078,61.0846912,52946831.02,33.24224426,61.80835189,4.949403848,403.5985486,11123176,44.722,19.53247892,69,43.75256348,63.29,-175000,78,49,30.3,37.7231276,5.78500642,17.45835454,0.3690482
"HND",2500.113213,2350,90,90,89,37,851000,111890,4352250431,70.75041762,57.38228846,88.88234204,-1611303200,31.74088153,63.56850081,4.690617659,85.68703191,9587522,42.904,20.9335652,80,86.5,74.898,-34000,87,65,14,199.5545151,91.61283474,101.6569387,0.347613516
"HUN",16161.98051,14780,99,25,99,6.4,17552000,90530,1.25795e+11,81.32932463,77.85538273,156.5311886,-6327335977,14.41199221,66.4302824,19.15772538,107.9066055,9768785,28.649,31.72975463,97,100,76.06341463,29999,67,74,1.8,942.591963,620.8227966,321.7691664,4.562465252
"ISL",73191.11632,67960,91,25,93,2.7,2343800,100250,5306997988,91.69111948,82.2716521,51.0694684,-67488588851,19.83232011,65.37258734,14.79509256,3.526922693,353574,6.187,41.93008857,87,100,82.20487805,1900,92,84,4.4,5063.605832,4127.349484,936.2563471,11.3901495
"IND",2009.978857,2020,89,89,90,199,17423000,2973190,3.23269e+11,61.61801162,52.68121056,30.75797574,-27691371968,27.05330185,66.7667425,6.179955649,454.9380726,1352617328,65.97,12.10627474,74,92.61865997,69.165,-2663434,81,55,26,62.71555407,15.94651501,46.12699522,0.399752709
"IDN",3893.596078,3840,79,79,75,316,15810000,1811570,1.74053e+11,52.28677911,50.77338116,35.39977466,-32309974217,26.55119731,67.59163708,5.857165613,147.7521901,267663435,44.675,6.052083961,67,98.14,71.282,-494777,85,57,20.7,111.5532193,49.89876877,61.17793936,0.127675543
"IRN",5627.749268,5470,99,99,99,14,7295000,1628760,71549197858,34.73038712,55.41893354,31.33458127,844886273,24.47655866,69.33886753,6.184573806,50.22242012,81800269,25.102,3.971727974,80,100,76.271,-274998,86,72,7.9,415.3911998,226.4938859,188.7372844,3.446397535
"IRQ",5834.166211,5040,84,84,83,42,892000,434128.0078,90548423261,47.70729298,31.29906744,61.18994666,-2875690785,38.3865654,58.28983494,3.323599663,88.53057004,38433600,29.527,10.51211218,44,100,70.294,39171,92,61,16.8,152.6425484,32.24182336,119.8239955,0.971576098
"IRL",78806.432,61390,94,94,92,7,10926000,68890,1.65017e+11,89.5569534,87.64045188,70.70348879,-67488588851,21.40641959,64.72777871,13.8658017,70.45298302,4853506,36.83,112.6389873,87,100,81.95609756,118020,35,76,5.1,4758.594315,3429.354062,1329.078998,15.91693657
"ISR",41715.02928,40920,98,97,98,4,4121000,21640,60648200000,72.54131203,76.27480501,39.17909078,192449189.1,27.92524646,60.09776752,11.97698602,410.5268022,8883800,7.582,21.59724679,87,100,82.60243902,50002,87,82,10,2837.139639,1773.228167,1020.524786,24.94690004
"ITA",34483.204,33730,95,95,93,7,61567200,294140,5.49526e+11,78.26889061,68.72916233,50.26421444,22660893346,13.32911609,63.91920431,22.7516796,205.4507479,60431283,29.562,11.96477413,88,100,83.24390244,744713,0,82,4.9,2738.706124,2039.356097,699.350027,9.680767742
"JAM",5354.236859,4970,97,97,89,2.9,2473000,10830,1682292543,80.5265027,74.51167297,49.82846783,-716257623.7,23.75009668,67.45326077,8.796642551,270.9930748,2934855,44.326,40.34521325,80,99.50644684,74.267,-56658,27,65,11.2,296.2461483,179.4084002,113.4128923,0.829367047
"JPN",39289.95843,41310,99,25,97,14,31192000,364560,7.37941e+11,59.7680915,54.94377815,29.91433017,1.77765e+11,12.69684881,59.72678128,27.57636991,347.0734584,126529100,8.384,7.937221885,87,100,84.0997561,357800,68,83,12.7,4233.033276,3538.209507,694.8237694,1.614775057
"JOR",4241.788782,4200,96,96,92,5,4150000,88780,6544487738,55.69358313,59.3558018,66.27549424,-199436619.7,34.24549021,61.90801939,3.846490398,112.1424983,9956011,9.021,28.59003836,80,100,74.292,51099,56,76,10.7,223.5381988,141.3351758,69.45786332,40.9771116
"KAZ",9812.601137,8070,98,98,99,68,8789000,2699700,60653910310,64.49625251,31.03561883,52.13003384,-22065373458,28.46054978,64.14760395,7.391846271,6.769825907,18276499,42.572,10.75199056,100,100,72.95,-90000,91,76,4.5,262.0090142,154.0352728,104.8986694,20.12330509
"KEN",1710.510097,1620,92,92,89,292,1364000,569140,6051032054,43.66358777,44.26951021,26.55723061,-728103040.9,39.78216693,57.87864645,2.339186612,90.29941666,51393010,72.97,9.827205377,63,63.81147003,65.909,-50000,83,55,63.3,66.20980967,23.95246096,29.37426214,2.354722885
"KIR",1625.2861,3140,95,95,84,349,7100,810,22671995,16.07154553,58.05539073,58.95333333,174088463.8,35.53997946,60.50739337,3.952627172,143.0209877,115847,45.943,51.55697921,80,98.61457062,67.851,-3999,89,41,28.7,188.0490879,115.6245827,4.84433759,2.80458625
"PRK",271.7520444,280,97,97,98,513,2700,120410,662327079,2.491415423,0.501550931,12.76706358,-67488588851,20.2021135,70.46336609,9.33452041,212.1901752,25549819,38.101,3.971727974,69,43.87117767,71.91,-27013,83,71,9.5,16.36043526,2.43144068,1.64154032,0.192635219
"KOR",31362.75147,30600,98,98,98,66,15347000,97489.00391,6.05708e+11,46.17973992,57.89321279,70.39924136,-1070275747,12.97332358,72.60812059,14.41855583,529.6521036,51635256,18.541,14.06991264,94,100,82.62682927,58657,83,86,10.1,2043.86064,1209.043661,834.8169788,2.639159354
"KWT",33994.40657,34290,99,99,99,23,8508000,17820,24267679456,3.648459877,63.12147372,76.92397157,21906722185,21.53888805,75.91063957,2.550472384,232.1722222,4137309,0,31.96273485,87,100,75.311,197600,89,76,14.8,1068.323213,896.2025296,172.1206838,73.63955073
"KGZ",1281.363661,1220,94,92,96,116,423000,191800,1712413102,44.34033529,10.47610121,82.44328068,-208087338.4,32.35041711,63.15485491,4.494727976,32.92909281,6315800,63.649,21.82633948,87,100,71.2,-20000,82,70,9.6,72.87788481,28.49957372,41.97576078,3.440796423
"LAO",2542.486528,2450,68,68,69,162,3770000,230800,5725050426,13.14895203,7.608913024,64.61032637,-837804336.3,32.60391868,63.32093135,4.075149964,30.59578423,7061507,64.996,11.56068163,57,93.6,67.277,-73518,89,51,31.4,55.21359284,17.88978896,27.3194545,0.327020359
"LVA",17860.6172,16510,96,96,98,29,1946000,62180,16134358812,75.97632149,82.5160754,101.4262767,-592023216,15.99577694,63.96060274,20.04362032,30.98330653,1926542,31.858,28.23602655,87,100,74.6804878,-74186,85,71,2.7,874.2035772,477.5999127,396.6036646,13.35324026
"LBN",8269.787676,7920,83,80,82,11,1964000,10230,3829734410,49.19609436,60.67367141,42.77253035,-314020000,26.09586717,66.9017647,7.002368134,669.4941349,6848925,11.407,52.80404068,87,100,78.833,-150060,84,73,3.6,662.1270576,345.183134,311.3819795,34.1456803
"LSO",1299.153126,1390,93,93,90,611,1173000,30360,1199109047,58.93386334,8.835121385,128.670135,352892935.8,32.71635154,62.38256097,4.901087497,69.43781291,2108132,71.847,18.90368838,55,33.73075867,52.947,-50234,76,48,59.3,85.51857328,54.56646005,16.15073119,0.307818842
"LBR",677.3221785,610,84,84,91,308,2700,96320,476536805,91.26408085,30.62103861,48.71323529,-4.37e+08,41.12498659,55.62158161,3.2534318,50.03090739,4818977,48.849,6.578793363,53,21.48886871,63.295,-25000,77,39,58.5,68.31283566,9.7319629,37.78454925,2.526491982
"LBY",7241.704481,6400,97,97,97,40,2700,1759540,21772657158,68.9341789,35.49286632,69.77473838,1336776557,28.31923773,67.28872201,4.392040259,3.795632381,6678567,19.898,11.3313882,68,70.14820099,72.52,-9997,59,64,8,312.5773146,197.8424706,114.616738,12.28244987
"LIE",165028.245,280,25,25,30,0,85300,160,8610694,1.50321261,0.501550931,12.76706358,-302516744.5,12.27828264,47.42066751,1.085000985,236.9375,37910,85.662,3.971727974,24,100,82.25853659,-3266243,0,25,1.3,16.36043526,2.43144068,1.64154032,62.59625376
"LTU",19153.40899,17430,92,93,92,44,2825000,62642.00195,33336996814,71.19823074,74.33569664,130.868841,-1715851611,14.88242451,65.41254234,19.70503316,44.53135138,2789533,32.321,34.65608585,87,100,74.67073171,-163902,83,73,3.6,987.9493137,648.1181336,330.1064295,4.726089623
"LUX",116639.888,70870,99,96,99,8,1018000,2430,16342177359,91.127025,95.26187933,56.61679551,-25729167446,15.87882399,69.93802183,14.18315418,250.0938272,607728,9.019,285.1871064,87,100,82.68536585,48704,0,83,4.9,6271.437588,5092.724678,1105.512263,43.96413394
"MDG",527.501285,510,75,75,62,233,291000,581800,2972100048,69.31943164,42.18744466,51.12812158,-398371205.6,40.66815059,56.34513228,2.986717126,45.13985562,26262368,62.809,19.1816304,55,24.07539177,66.311,-7500,84,28,46.2,24.11914971,11.49353953,6.58054339,0.132347777
"MWI",389.3980332,360,92,92,87,181,871000,94280,958131820,45.90103061,40.08927883,54.32435468,-19223684.87,43.90228591,53.45227916,2.64543493,192.4407616,18143315,83.063,6.976989526,48,12.7,63.279,-80263,86,46,59.7,29.58739886,8.29870411,5.38352513,1.249811795
"MYS",11373.233,10590,99,99,96,92,25832000,328550,2.47365e+11,60.66569109,58.42424286,129.6317365,-12784317613,23.99514109,69.33310429,6.671754625,95.96282149,31528585,23.964,23.62865746,87,100,75.828,249999,81,73,17.5,361.5219737,182.4657085,178.9815391,8.289348916
"MDV",10330.61561,9280,99,99,99,33,1484000,300,181646782,54.20597982,48.73199389,62.31866173,-416622293.8,20.1479166,76.14873879,3.703344606,1718.986667,515696,60.192,87.98442699,80,99.8,78.325,56851,68,62,8,1047.843932,760.312487,282.7791591,25.87218175
"MLI",899.6599081,840,71,71,70,53,14000,1220190,1991736768,55.36009033,33.53192455,45.8125136,-456287210.2,47.54348639,49.94928385,2.507229758,15.63501586,19077690,57.644,16.35456222,68,43.08983994,58.452,-2e+05,78,38,60.6,29.7866224,9.41220796,10.79115952,2.063359738
"MLT",30098.28331,26480,97,98,96,14,2599000,320,3011887023,79.766794,83.55191384,64.14298578,-1144214672,14.27690052,65.37377518,20.3493243,1511.03125,483530,5.388,207.1010441,92,100,82.45365854,4501,76,82,6.4,2327.781904,1469.082741,858.696783,9.898488069
"MHL",3788.163594,4860,81,84,83,434,6800,180,619823037,78.78851831,79.59894553,63.72074946,61327200,12.27828264,47.42066751,1.085000985,324.5166667,58413,22.969,44.58560206,170,94.75500488,52.24,-3266243,83,25,1.3,851.3429126,448.163796,101.9485169,6.197044893
"MRT",1188.834588,1160,81,81,78,93,2700,1030700,1692734435,30.81634822,76.4228528,86.13480092,-38469905.18,40.08318282,56.77570502,3.141112158,4.272163578,4403319,46.328,16.2227843,59,42.91231918,64.464,25002,77,41,53.4,46.77139384,17.14234802,25.78837019,3.396676733
"MUS",11238.69039,12050,97,97,99,13,1399000,2030,2001234779,68.02858012,41.79204414,56.53166589,1394661464,17.79369232,70.73213461,11.47417307,623.3019704,1265303,59.207,37.76160204,80,98.03143311,74.51463415,0,88,63,6.5,553.0965277,243.9844805,307.861869,2.24510922
"MEX",9673.443674,9180,88,55,97,23,41313000,1943950,4.50685e+11,92.09222983,71.24754694,75.95161752,-31337073315,26.55684819,66.21946683,7.223684981,64.91462641,126190788,19.844,5.444307666,80,100,74.947,-3e+05,77,76,9.8,461.7866471,240.8120474,220.9743413,0.939364727
"FSM",3568.290829,3400,75,83,73,108,19200,700,150126108,27.46960575,49.65036228,46.02765432,10265139.58,31.70720881,64.29598722,3.996803977,160.9142857,112640,77.297,35.99410649,80,80.75668335,67.618,-2999,88,47,18.5,386.6940552,107.6559699,11.28662864,2.638330461
"MDA",3227.312192,2980,93,94,93,86,160000,32890,2710622775,42.36368497,38.40204265,74.02344647,548491438.6,15.86009086,72.6703528,11.46955634,123.5198035,3545883,57.371,22.64448921,87,100,71.717,-6935,81,69,4.2,171.1901319,83.52589378,81.31442903,3.512106598
"MCO",185741.28,280,99,99,87,0,347000,2,8610694,1.50321261,0.501550931,12.76706358,-67488588851,12.27828264,47.42066751,1.085000985,19196,38682,0,3.971727974,24,100,52.24,-3266243,100,25,1.3,2939.844964,2338.811427,601.0335367,55.76846625
"MNG",4121.732435,3660,99,99,99,428,529000,1553560,7011763890,5.447472933,30.30156055,98.62437752,-1234454138,30.40956831,65.50689291,4.083538787,2.040608667,3170208,31.555,28.80526215,29,85.86965179,69.509,-4262,91,62,9.7,140.7082037,79.74844397,55.46460708,0.595444478
"MNE",8844.236985,8430,87,73,58,15,2077000,13450,467806604,46.56246131,51.52171179,63.26116578,64850920.68,18.20951914,66.81554422,14.97493664,46.27100372,622345,33.187,46.6798141,87,100,76.667,-2400,87,68,1.4,531.7323024,398.9023898,130.4748405,13.19007768
"MAR",3237.883368,3090,99,99,99,99,12289000,446300,27642784355,73.03100441,69.41618296,67.91727693,-2479197963,27.20638013,65.78071505,7.012904821,80.72851893,36029138,37.547,24.67159764,87,100,76.218,-257096,88,70,14,171.4501845,80.33456957,89.99907952,0.257467738
"MOZ",498.9572202,460,80,80,85,551,2743000,786380,5215103260,42.47492181,42.10779358,81.41481468,-295542174.5,44.67080015,52.43843539,2.890764457,37.50853531,29495962,64.012,34.84611356,57,27.42547035,59.309,-25000,90,46,65.3,19.20749469,10.24564935,1.64154032,0.796801385
"MMR",1325.952924,1310,91,91,93,338,3551000,653080,16774668868,37.92441363,34.00214437,50.97956924,-1900973019,26.37104828,67.84430978,5.784641933,82.23861548,53708395,69.421,11.4376154,76,69.8148366,66.558,-816564,87,61,23.6,62.10872783,12.47704064,45.94994407,0.136014603
"NAM",5931.453886,5220,89,89,82,524,1499000,823290,7544102011,47.70959097,28.6901743,89.73460105,-297783253.1,36.91024919,59.45371913,3.636031681,2.973745582,2448255,49.968,9.892258874,61,52.50118256,63.021,-24030,86,62,49.3,402.7570179,249.2869749,125.2845882,3.818401435
"NRU",9888.893597,12060,90,90,99,54,2700,20,35508436,36.06738973,81.37290894,102.6837029,33795829.78,12.27828264,47.42066751,1.085000985,635.2,12704,0,42.55397017,87,99.55316925,52.24,-3266243,78,25,1.3,1012.34966,614.5874669,48.43246021,31.0898063
"NPL",1033.912431,970,91,91,91,151,1173000,143350,783582446,29.14121024,12.56859521,49.2589651,216674241.9,30.41426532,63.8580639,5.727670776,195.9391071,28087871,80.26,12.23553959,75,95.50747681,70.169,208549,91,48,25,45.45297766,8.44496511,31.68644673,1.817645553
"NLD",53024.05921,51260,93,92,93,5.3,18780000,33690,7.26698e+11,87.04545669,65.45725415,149.8040079,9064121263,16.10815871,64.69564866,19.19619263,511.4579104,17231017,8.51,41.89322229,87,100,81.56097561,80000,87,86,5.2,4742.030274,3839.930748,902.0995255,11.69568274
"NCL",271.7520444,280,25,25,30,15,120000,18280,2115698208,69.16869951,78.26473854,12.76706358,-67488588851,22.74092567,68.08491641,9.174157925,15.53938731,284060,29.317,3.971727974,87,100,77.14878049,2510,35,25,1.3,16.36043526,2.43144068,1.64154032,24.43390418
"NZL",41945.33167,40640,93,93,92,7.3,3686000,263310,40189082397,54.92953471,62.92907351,40.7497577,-7560480742,19.65343146,64.69414402,15.65242453,18.55417569,4885500,13.462,15.44579919,87,100,81.65853659,74403,82,87,4.6,3745.216461,2945.760491,799.45597,22.95970035
"NIC",2028.894755,2030,98,98,99,41,1256000,120340,5096378731,72.23110478,40.06504045,89.98428953,-309599942.3,30.2016812,64.55082135,5.247497448,53.72704836,6465513,41.478,17.31686819,80,86.76779938,74.068,-106360,86,73,10.9,188.158313,115.4338011,64.06456564,0.661982706
"NER",413.980305,390,79,79,77,87,157000,1266700,569227667,26.04288944,46.10900395,41.09380358,-207311629.7,49.98432461,47.42066751,2.595007883,17.71765059,22442948,83.575,14.8057753,55,20.04190445,61.599,20001,82,37,62.7,22.68333964,5.50951516,14.23465457,0.951072208
"NGA",2028.18197,1960,57,57,65,219,5265000,910770,66730377130,41.08564388,46.72053597,25.81319986,-14169636277,43.86663998,53.38598302,2.747377005,215.064989,195874740,49.656,8.986702763,24,54.4,53.95,-3e+05,86,42,62.7,79.33990545,10.33368986,60.83138726,0.658124088
"MKD",6083.718948,5450,91,91,83,13,707000,25220,6881139201,76.47323958,61.15726638,125.9456672,-531884818,16.51699963,69.81281899,13.67018138,82.59151467,2082958,42.037,25.79372996,80,100,75.589,-4999,88,72,1.9,327.8433461,208.3961176,117.0682046,6.289774173
"NOR",81697.24598,80610,96,25,96,4.1,5688000,365123.0078,1.22052e+11,92.61441555,80.06001888,48.50626292,17756901322,17.54903838,65.40173947,17.04922216,14.55491954,5314336,17.752,22.39388324,87,100,82.5097561,140000,91,87,7.3,7477.897607,6365.950216,1111.947391,14.23561116
"OMN",16415.15728,15140,99,99,99,5.9,2301000,309500,42869847170,33.57308264,76.51476723,90.88291904,-340442132.6,22.24650599,75.36070706,2.392786956,15.6041454,4829483,15.461,20.31728382,87,100,77.393,437000,51,69,10.5,648.2772466,577.8846298,70.3926168,41.08587362
"PAK",1482.403063,1590,75,75,76,265,966000,770880,23169069719,63.44489034,51.14166247,26.68790412,16776465072,35.2698146,60.41741109,4.312774311,275.2893187,212215030,63.334,5.002774889,64,70.79,66.947,-1166895,93,45,34.9,39.57887533,11.04167951,26.92068599,1.920846061
"PLW",15859.43486,17280,95,98,90,109,106000,460,8610694,85.70573986,81.62102751,56.69115889,15367000,12.27828264,47.42066751,1.085000985,38.92826087,17907,20.07,64.98636561,87,100,52.24,-3266243,80,25,1.3,1674.089909,1000.505325,416.4929689,26.60278991
"PAN",15575.07255,14370,88,88,98,52,1785000,74340,672295199,56.53294201,43.10812347,53.01044807,-5090300000,27.06230432,64.8329646,8.10473108,56.18607748,4176873,32.291,26.30167043,80,100,78.149,56000,73,79,15.6,1040.673192,682.7036683,350.3780462,4.701027527
"PNG",2730.274799,2570,61,61,61,432,140000,452860,7335320810,74.1357827,62.59720102,52.60109949,-619913571.2,35.8159344,60.73879635,3.445269251,19.00436338,8606316,86.831,8.010087989,75,54.42744827,64.01,-3999,68,40,36.1,55.15180669,38.60594241,4.33108096,0.338376609
"PRY",5821.814323,5670,88,88,93,43,1181000,397300,8705229297,22.48230722,29.63436086,55.3424342,-1140811873,29.4405056,64.12927939,6.430215009,17.50835892,6956071,38.415,6.059999331,87,99.3,73.992,-82780,71,69,13.7,327.2351051,168.9285747,158.1430628,2.356666686
"PER",6941.235848,6470,84,84,85,123,4419000,1280000,47818941638,52.86231008,47.36910682,41.51906697,-10909146230,25.79060285,66.12100436,8.088392792,24.99160625,31989256,22.093,7.635196904,80,96.36299133,76.286,495345,86,77,20.3,316.437135,202.7537797,112.8200822,0.289645141
"PHL",3102.713363,3830,65,65,67,554,7168000,298170,67483187937,73.69775773,55.96086163,55.06808824,66152606660,30.9630402,63.91439103,5.122568768,357.6883053,106651922,53.093,19.70341576,63,93,70.952,-335758,91,61,25.2,129.4326091,40.82935177,85.77828814,0.210390539
"POL",15420.91116,14100,95,91,93,16,19622000,306190,2.6357e+11,85.84414962,76.11405912,90.0024872,-24753717086,15.05227681,67.42990642,17.51781676,124.0358862,37978548,39.942,19.29434552,87,100,77.85121951,-146976,54,75,5,809.0149024,563.8930306,243.6836482,1.604180837
"PRT",23407.90659,21990,99,98,99,24,16186000,91605.5957,68310201558,84.21289988,81.90918888,65.26116561,-5294461942,13.45790782,64.58823464,21.95385754,112.2394535,10281762,34.789,24.00330178,87,100,81.12439024,-30001,38,82,10.2,1800.859919,1194.944218,605.9157009,8.089593589
"QAT",68793.78444,61150,98,98,99,31,1819300,11610,84288500779,61.48275068,65.21344579,63.10915674,-3745329670,13.54076419,85.08916548,1.370070339,239.5931955,2781677,0.865,26.53418667,87,100,79.981,2e+05,64,68,5.2,1827.060344,1491.390983,335.6693613,75.49762789
"ROU",12301.1864,11290,86,93,90,68,11720000,230080,79660014981,80.26332287,75.34266786,74.0747801,-5855835194,15.53455496,66.12674365,18.33870139,84.63984701,19473936,46.002,18.62150217,87,100,75.3097561,-369997,86,74,4.2,476.3683087,372.4622871,103.9060216,1.163134803
"RUS",11288.87244,10230,97,97,98,54,24551000,16376870,4.49185e+11,58.56248392,53.13966972,41.81237712,-41311981120,17.91408058,67.4112111,14.67470832,8.822079555,144478050,25.567,9.603907797,99,100,72.11902439,912279,69,74,4.8,469.1308678,267.1702482,201.9606197,8.11621786
"RWA",772.9444599,780,97,97,99,59,932000,24670,846756299,48.13651454,36.26411511,38.86960297,-200564033,39.97557302,57.0862309,2.938196078,498.6598703,12301939,82.789,20.91969939,80,34.1,68.341,-44998,87,57,42.4,48.07821533,16.28961382,7.46343089,3.803080984
"WSM",4183.407935,4020,34,34,31,6.4,164000,2830,39576524,53.13867888,71.70395226,49.84815215,-28900000,38.32069709,56.87889093,4.800411974,69.30388693,196130,81.757,43.77995909,87,96.8,73.046,-14013,57,58,12,227.1485088,173.4975434,29.04963439,2.550872544
"SMR",48494.55141,280,90,78,89,0,84000,60,149383764,63.02078183,91.52886986,12.76706358,-67488588851,12.27828264,47.42066751,1.085000985,563.0833333,33785,2.774,3.971727974,24,100,85.41707317,-3266243,0,25,1.3,3012.794236,2421.986836,590.8073999,14.84220132
"STP",2001.140902,1890,95,95,95,124,33400,960,13294381,93.51538067,62.68121177,39.7824504,2469155.4,42.51994996,54.55437193,2.925678109,219.8208333,211028,27.197,34.9525424,57,72.51070404,69.933,-8401,75,55,33.9,105.1343853,41.94377941,16.2985859,1.25772286
"SAU",23338.96346,21600,96,97,98,10,15334000,2149690,2.95387e+11,60.05409803,62.32439351,55.19439926,7113451463,25.04284813,71.64306385,3.314088023,15.67665431,33699947,16.156,13.15852845,87,100,74.874,674895,90,74,10.6,1147.33297,777.9073914,369.4255788,32.29494249
"SEN",1521.953554,1410,81,82,82,118,1365000,192530,3042336586,38.54798957,41.66459855,46.92162411,-694267846,43.05543037,53.85774593,3.086823701,82.34747832,15854360,52.808,13.33997675,71,61.7,67.38,-100001,87,45,45.7,52.60971245,18.18519494,31.17160291,1.739951417
"SRB",7246.731656,6390,96,91,92,17,1711000,87460,18324240449,65.40229279,61.48342602,89.15299764,-2605189614,15.68968075,65.96452656,18.34579269,79.83174022,6982084,43.908,25.39551084,87,100,76.08780488,20000,86,65,2.4,494.420584,286.7875926,206.9154143,9.122622084
"SYC",16433.93529,15600,99,99,96,18,362000,460,766446277,82.81254917,70.61763394,116.7791998,-74735723.88,23.63537118,68.77008322,7.594545604,210.3521739,96762,43.309,115.4253045,87,100,74.3,-1000,56,71,11.9,596.9230706,572.8845252,12.8816122,13.25890682
"SLE",533.9911843,490,90,90,80,298,57000,72180,83561843,31.35233267,46.00322756,55.20040718,-109957072.9,41.05963935,55.97380444,2.966556211,105.987171,7650154,57.945,12.7309056,75,23.4,53.895,-21000,90,39,57.9,86.30818595,9.64292547,41.28428838,1.413457295
"SGP",64581.94402,58770,96,96,95,47,14673000,709.0000153,4.12966e+11,50.00185291,58.09931326,215.0898475,-24608318505,12.27828264,76.25833717,11.46338019,7952.998418,5638676,0,100.7026261,87,100,82.89512195,135142,79,86,22.7,2462.393677,1342.624304,1119.769375,45.39179191
"SVK",19442.70576,18260,96,96,96,5.8,2256000,48080,93425273462,89.16231595,83.93148408,177.756153,-1901259751,15.44613676,68.92461673,15.6292465,113.2905782,5447011,46.274,21.69672889,87,100,77.16585366,7423,92,77,4.8,1178.738231,941.0975975,237.6406041,3.265417899
"SVN",26123.97387,24580,93,25,93,5.3,4425000,20141.99951,44200205646,80.7476314,74.60822791,160.0560003,-852374429.8,15.02177505,65.3713453,19.60687965,102.6398595,2067372,45.459,28.8953351,89,100,81.17560976,9999,77,79,5,1834.160712,1325.87342,508.287292,11.41296409
"SLB",2137.690695,2020,85,85,93,74,27900,27990,564805443,18.99656852,52.28218646,86.34226749,-67488588851,40.2415843,56.15946524,3.598950459,23.32468739,652858,76.251,25.72457416,80,62.89564133,72.645,-7998,92,47,22.2,106.3393944,73.61877346,4.89476477,0.442947201
"SOM",314.5441657,280,42,42,46,262,2700,627340,562841792,67.91582385,20.40238726,12.76706358,-34091199.83,46.57658407,50.55010499,2.873310943,23.9234769,15008154,55.029,3.971727974,42,32.94651413,56.709,-200002,86,25,64.2,16.36043526,2.43144068,1.64154032,0.234455884
"ZAF",6374.028196,5750,74,74,70,520,10472000,1213090,94328239374,45.88449822,53.24209888,56.45621618,-11640181655,29.07948915,65.60250585,5.318005005,47.63011978,57779622,33.645,8.816827096,76,84.4,63.538,727026,77,69,39.6,428.1760176,230.0554728,189.5579208,5.767090449
"SSD",1119.651332,1130,49,49,51,146,2700,2,1590778766,1.50321261,16.15493375,12.76706358,-1035883386,41.82012143,54.78139569,3.39848288,0.136496528,10975920,80.385,9.530496661,91,25.38207054,57.365,-870998,82,31,63.4,16.36043526,2.43144068,1.64154032,6.67856204
"ESP",30370.89233,29340,93,94,97,9.4,82773000,499563.9844,3.46754e+11,76.83921975,68.70846705,51.66936749,3188200486,14.66700111,65.95449137,19.37850752,93.52905826,46723749,19.679,16.76078783,100,100,83.32926829,2e+05,61,83,5.1,2389.887408,1702.507336,687.380072,12.69023719
"LKA",4102.48135,4060,99,99,99,64,2334000,62710,11626453414,71.87799197,45.69792679,38.73419732,-2411307986,24.19700102,65.32977922,10.47321975,345.558922,21670000,81.524,14.60281876,64,97.54497528,76.648,-489932,85,66,7.5,153.0967841,65.97404606,85.44733544,0.186850018
"KNA",19275.41851,18340,97,98,96,0,125000,260,52491895,84.16729097,83.69916582,37.98887594,-56027996.99,12.27828264,47.42066751,1.085000985,201.6961538,52441,69.224,80.70362717,87,100,52.24,-3266243,0,25,1.3,930.7651831,401.8126086,528.9525745,13.39343554
"LCA",10566.04975,9560,95,95,86,3.2,395000,610,130844854,68.96517917,64.72163424,40.79406432,-123921666.7,18.528883,71.66458664,9.806530356,298.1786885,181889,81.322,76.72928453,87,98.75978851,75.907,0,91,68,9.7,489.7613949,205.7016472,265.7320609,6.903280558
"MAF",271.7520444,280,25,25,30,0,2700,54.4,8610694,1.50321261,0.501550931,12.76706358,-67488588851,12.27828264,47.42066751,1.085000985,672.0588235,37264,0,3.971727974,24,100,79.72195122,-3266243,0,25,1.3,16.36043526,2.43144068,1.64154032,0.071076396
"VCT",7361.400962,7340,97,97,99,6.3,80000,390,131433505,20.6793983,81.31846348,48.07099717,-8184851.852,22.54130713,67.86890601,9.589786863,282.5897436,110210,47.802,51.20654336,87,100,72.3,-1000,67,71,13.4,250.2166125,192.0630888,56.62475127,4.181359741
"SDN",977.2736357,1560,93,93,88,71,836000,2,3484681536,69.69873066,54.91029547,27.74681462,-2902095297,40.50879187,55.91004761,3.581160528,0.136496528,41801533,65.358,6.568337695,67,56.45154953,64.881,-250001,80,44,35.2,152.0221409,29.62231078,119.0319559,1.251344542
"SUR",6234.044922,5210,95,95,98,38,278000,156000,1113473457,94.48329185,40.85989381,105.8273623,-390465701.8,27.17026337,65.92336673,6.906369902,3.69225,575991,33.94,21.19237066,80,96.78314209,71.463,-4999,73,71,13.3,356.0514832,246.9904095,104.1442681,8.625811501
"SWE",54608.36025,55490,97,92,97,5.5,7440000,407310,1.65922e+11,85.15435794,84.62107272,60.43772087,8644905552,17.58178546,62.32268961,20.09552493,25.00104343,10183175,12.569,26.46362345,87,100,82.30731707,2e+05,87,86,5.2,5710.591419,4768.654941,941.9364785,16.76755875
"CHE",82796.54716,84410,96,72,96,6.4,10362000,39516.00098,3.09862e+11,75.14407332,80.67768075,83.68504178,6228578766,14.91095477,66.46582867,18.62321656,215.5213784,8516543,26.203,33.02620847,87,100,83.60243902,259999,78,83,4.3,9835.963686,6174.882702,3660.959114,29.38668554
"SYR",271.7520444,280,47,47,63,19,5070000,183630,636310879,32.27184931,12.14883778,12.76706358,-67488588851,31.42154081,64.07533477,4.503124421,92.06710777,16906283,45.838,3.971727974,80,89.63878632,70.967,-2136954,86,60,5.1,66.14174239,29.94963246,35.51234688,4.730134388
"TJK",826.6215305,1010,96,96,98,84,1035000,138790,1535442683,15.21839933,13.57179783,48.59797107,1311391282,36.78428408,60.19382837,3.021887552,65.57271417,9100837,72.866,9.305578209,75,99.3,70.647,-99999,91,68,23.2,55.69698772,15.92882858,36.92103297,3.242910896
"TZA",1050.675254,1020,98,98,99,253,1378000,885800,3668149584,29.8896078,43.49229756,21.82023799,-1214017574,44.09823815,53.30046267,2.601299178,63.5790788,56318348,66.224,10.59616231,53,32.8133316,64.479,-200381,90,43,55.8,35.49967383,14.42142011,8.1510945,0.48853553
"THA",7273.563207,6610,97,97,96,153,38178000,510890,2.50607e+11,52.57512634,56.33088096,99.36102891,-22676068239,17.08698882,71.01211804,11.90089314,135.8972068,69428524,50.051,27.03107385,80,100,76.683,97222,84,80,15.8,221.917676,173.3959257,48.0058168,5.758232652
"TLS",2035.533908,1820,83,83,77,498,75000,14870,35050352,35.32670371,48.28012918,23.71173964,-2.2e+08,37.78066427,57.90284343,4.316492294,85.27047747,1267972,69.422,21.07016432,60,80.38075256,69.007,-26924,88,52,45.6,79.89393546,44.55055724,10.05776911,0.914442949
"TGO",679.2570836,660,88,88,85,36,573000,54390,952656615,16.75867574,45.45444955,59.71571978,19452449.57,41.3345235,55.79600849,2.869468011,145.0467733,7889094,58.298,20.7099616,85,48,60.489,-9999,82,43,51.7,38.77137729,7.77303611,22.96328095,3.79000676
"TON",4364.015561,4300,81,81,85,10,54000,720,21580727,81.9919505,84.08137942,63.28364669,6826100.83,35.41575821,58.63058035,5.953661444,143.3291667,103197,76.869,43.46963037,87,97.96759033,70.701,-3999,82,58,11.7,203.1502239,133.8696103,29.91427424,5.397946689
"TTO",17129.91309,15950,99,99,90,21,375000,5130,7741903899,52.89727768,48.68171456,73.90327431,-766887429.8,20.41957257,68.84547391,10.73495352,270.9274854,1389858,46.816,13.69318535,87,100,73.245,-3999,67,74,9,1063.827062,561.6181674,501.3928879,3.66763033
"TUN",3447.50791,3500,97,97,96,35,8299000,155360,15534666074,79.0809079,62.60614848,95.90898935,-1373959046,24.17012035,67.51420057,8.315679079,74.44132338,11565204,31.055,17.73558862,80,100,76.31,-20000,89,70,7.8,256.5018448,145.2722755,111.0630425,0.503849717
"TUR",9370.176344,10420,98,98,96,16,45768000,769630,1.67921e+11,63.10577289,52.46153765,50.69201173,-11799926684,24.64941014,66.86737692,8.48321294,106.9601289,82319724,24.857,9.317037559,87,100,77.161,1419610,86,74,4.4,468.6472813,367.61715,101.0301313,3.769001103
"TKM",6966.635411,6740,99,99,99,46,2700,469930,9572830197,2.961523877,35.10365148,30.66646106,-1716959319,30.82236394,64.7510016,4.426634462,12.45059477,5850908,48.407,3.971727974,80,100,67.956,-25001,85,70,17.2,422.8488287,78.39662056,343.6591331,3.654711583
"TUV",3700.710677,5430,89,89,88,270,2700,30,10067240,5.779895979,88.51799041,12.76706358,21519528.81,12.27828264,47.42066751,1.085000985,383.6,11508,37.613,59.07433157,87,100,52.24,-3266243,68,25,1.3,507.3523714,428.7973608,16.87653028,1.421944332
"UGA",642.7767443,620,93,93,86,200,1402000,200520,2950207396,42.25414748,38.59723024,35.1838794,-869299078.1,46.93052518,51.1284879,1.94098692,213.0617345,42723139,76.226,16.40370694,65,22,62.516,843469,72,45,54.5,37.60696696,6.2271061,16.19533631,1.920126168
"UKR",3095.173581,2660,50,52,91,80,14104000,579290,47182315526,48.10600564,51.90130564,79.79217718,-3068340656,15.81241317,67.75290039,16.43468644,77.02966735,44622516,30.648,23.11430954,75,100,71.78097561,50001,76,68,4.1,141.1911478,59.88135541,80.13860806,10.78646116
"ARE",43004.95336,40880,99,99,99,1,21286000,71020,2.97364e+11,35.36296502,49.06480034,144.5027592,1987746767,14.60350937,84.31148965,1.085000985,135.6091101,9630959,13.478,3.971727974,87,100,77.647,2e+05,74,76,6.5,1323.116803,958.9619755,364.1548276,88.40404837
"GBR",42943.90227,41770,94,25,92,8,36316000,241930,4.86595e+11,81.10899597,75.45105396,40.60033366,-38490804138,17.67808207,63.92605226,18.39586567,274.8273922,66488991,16.602,22.88679531,89,100,81.15609756,1303250,81,87,7.7,3958.018894,3175.334765,782.2863549,13.20097825
"USA",62794.58565,63080,94,91,92,3,79745920,9147420,1.66424e+12,60.16015948,48.61320423,20.82525542,2.679e+11,18.70903998,65.48330596,15.80765406,35.76608858,327167434,17.744,6.786787823,87,100,78.53902439,4774029,77,84,5.2,9869.742382,8077.925836,1791.816543,14.49065352
"URY",17277.97011,15650,91,91,97,33,3469000,175020,7515635966,22.82528065,27.03528023,27.50311529,-4123978060,20.60798107,64.57749939,14.81451953,19.70802765,3449299,4.666,14.88505074,87,100,77.632,-15000,73,80,7.6,1379.098557,988.7257085,389.8433927,2.092316749
"UZB",1532.371677,2020,98,98,96,70,5346000,425400,11224050457,5.258763833,33.17091345,56.48325605,1523099931,28.68605741,66.89480471,4.419137878,77.46920545,32955400,49.522,15.72408215,72,100,71.388,-44314,89,73,10.3,135.1111585,62.32369484,71.19180025,3.91690324
"VUT",3123.893396,3130,85,85,75,46,116000,12190,58053535,54.98099814,67.32918455,45.936726,8228710.074,38.84823015,57.51161678,3.640153068,24.00984413,292680,74.726,66.92772158,67,62.78429413,70.172,600,96,48,18.8,109.8141407,59.16068393,12.64560702,1.204222904
"VEN",16054.49051,13080,60,60,74,48,427000,882050,36564014221,45.21304563,47.76189788,24.43883541,-5425456224,27.66665058,65.0663628,7.26698662,32.73079191,28870195,11.792,3.971727974,80,100,72.246,-3266243,82,74,11.3,1578.440192,601.9374079,976.4692323,4.514736572
"VNM",2566.59695,2360,75,75,97,182,15498000,310070,2.38866e+11,65.23315584,53.64451489,199.7563869,-17156850817,23.17267683,69.55234487,7.274978298,308.1252459,95540395,64.081,13.56388401,57,100,75.241,-399999,92,75,11.5,122.8411739,58.26556802,59.5781363,0.077897131
"YEM",944.4084994,1460,65,65,64,48,366700,527970,468162742,19.17061332,38.50242314,40.49876311,-1016104.307,39.61489027,57.50883997,2.876269756,53.97785291,28498687,63.358,6.211075857,71,79.2,66.086,-150000,89,42,28.7,72.03946941,7.33537794,59.09657643,1.282529228
"ZMB",1539.900158,1430,90,90,94,346,1072000,743390,9303803972,59.43028747,26.49301581,69.28873173,-767196029.9,44.93614116,52.96418082,2.099678026,23.3414789,17351822,56.479,9.845750318,58,40.3,63.043,-40000,90,53,60.6,56.5441821,21.65057408,10.8650317,0.78902565
"ZWE",2146.996385,1790,89,89,88,210,2580000,386850,3443829637,23.11797307,13.20721995,27.78663117,-136403541.6,42.40106624,54.65941011,2.939523653,37.32459093,14439018,67.791,6.626501637,83,40.42136765,60.812,-584288,83,54,54.6,93.94222513,43.68682584,26.37403666,2.556382525
